country_code,country_name,year,GDP (current US$),"Inflation, consumer prices (annual %)","Life expectancy at birth, total (years)","Population, total","Unemployment, total (% of total labor force) (modeled ILO estimate)"
BR,Brazil,1960,17030465539.3906,,53.162,72388126.0,
BR,Brazil,1961,17275940449.3837,,53.594,74605447.0,
BR,Brazil,1962,19231747851.5332,,54.017,76865323.0,
BR,Brazil,1963,23287712878.2002,,54.452,79164235.0,
BR,Brazil,1964,20963733694.9749,,54.848,81488595.0,
BR,Brazil,1965,22465522884.0988,,55.243,83817583.0,
BR,Brazil,1966,28283323733.1114,,55.625,86139359.0,
BR,Brazil,1967,31086389194.961,,56.016,88446124.0,
BR,Brazil,1968,33930457425.2613,,56.47,90741240.0,
BR,Brazil,1969,37171640818.5863,,56.898,93045777.0,
BR,Brazil,1970,42327664793.6934,,57.338,95375651.0,
BR,Brazil,1971,48869830901.7878,,57.786,97739273.0,
BR,Brazil,1972,58434858374.8696,,58.255,100146797.0,
BR,Brazil,1973,83592275862.9982,,58.681,102600976.0,
BR,Brazil,1974,109794519727.538,,59.081,105089675.0,
BR,Brazil,1975,129203555238.827,,59.556,107619565.0,
BR,Brazil,1976,153168949208.207,,60.007,110213349.0,
BR,Brazil,1977,176344101401.941,,60.461,112875292.0,
BR,Brazil,1978,200278646123.581,,60.922,115600942.0,
BR,Brazil,1979,221338204480.222,,61.365,118380821.0,
BR,Brazil,1980,237393489892.637,,61.819,121207461.0,
BR,Brazil,1981,258015174748.648,101.725072957927,62.267,124063109.0,
BR,Brazil,1982,271314113768.417,100.54335919485,62.708,126923155.0,
BR,Brazil,1983,189656506321.431,135.027682230473,63.133,129790077.0,
BR,Brazil,1984,188339974086.58,192.121733132051,63.553,132658864.0,
BR,Brazil,1985,210879844638.877,225.989665211895,63.98,135515595.0,
BR,Brazil,1986,256480852471.129,147.142826237604,64.389,138336370.0,
BR,Brazil,1987,283056836893.838,228.336162575513,64.785,141104944.0,
BR,Brazil,1988,307881930752.268,629.114509120897,65.161,143826357.0,
BR,Brazil,1989,412990820287.42,1430.7237251472,65.514,146502972.0,
BR,Brazil,1990,384959818181.817,2947.732772483,65.862,149143223.0,
BR,Brazil,1991,342534090909.091,432.786661926461,66.203,151724256.0,6.887
BR,Brazil,1992,328191909882.232,951.962053052818,66.539,154275079.0,7.086
BR,Brazil,1993,368292034380.96,1927.38079016026,66.892,156794577.0,6.03
BR,Brazil,1994,525369467295.737,2075.88839757325,67.293,159265006.0,6.579
BR,Brazil,1995,769333050986.905,66.0070335542481,67.701,161735073.0,7.092
BR,Brazil,1996,850426432991.742,15.7576656002606,68.108,164202549.0,8.035
BR,Brazil,1997,883206179730.462,6.92671251629154,68.505,166661659.0,9.003
BR,Brazil,1998,863710759256.435,3.19507629280052,68.848,169159655.0,10.15
BR,Brazil,1999,599642024319.531,4.85844749902667,69.211,171641543.0,11.125
BR,Brazil,2000,655448231983.527,7.04414105947266,69.584,174018282.0,10.889
BR,Brazil,2001,559983634798.981,6.84035902487523,69.98,176301203.0,10.649
BR,Brazil,2002,509795273806.715,8.45016437708331,70.396,178503484.0,10.641
BR,Brazil,2003,558233745651.874,14.7149197228147,70.884,180622688.0,11.168
BR,Brazil,2004,669289424806.307,6.59718509985963,71.361,182675143.0,10.072
BR,Brazil,2005,891633839894.183,6.86953720898964,71.832,184688101.0,10.551
BR,Brazil,2006,1107626541434.92,4.18356812896909,72.296,186653106.0,9.692
BR,Brazil,2007,1397114486368.67,3.64127299102652,72.73,188552320.0,9.28
BR,Brazil,2008,1695855083497.52,5.67859390284168,73.111,190367302.0,8.268
BR,Brazil,2009,1666996438581.43,4.88803479876799,73.457,192079951.0,9.419
BR,Brazil,2010,2208837745100.55,5.03872690108075,73.779,193701929.0,8.42
BR,Brazil,2011,2616156223917.69,6.6364496221309,74.047,195284734.0,7.578
BR,Brazil,2012,2465227802806.76,5.40349914036997,74.335,196876111.0,7.251
BR,Brazil,2013,2472819535557.21,6.20431066640101,74.609,198478299.0,7.071
BR,Brazil,2014,2456043727198.85,6.32904015516139,74.823,200085127.0,6.755
BR,Brazil,2015,1802212206814.5,9.02990102416136,75.106,201675532.0,8.538
BR,Brazil,2016,1795693482853.01,8.73914352329393,75.081,203218114.0,11.58
BR,Brazil,2017,2063514977365.65,3.44637335032669,75.383,204703445.0,12.792
BR,Brazil,2018,1916933898010.99,3.66485028376729,75.633,206107261.0,12.329
BR,Brazil,2019,1873288205059.69,3.73297621216894,75.809,207455459.0,11.936
BR,Brazil,2020,1476107231310.49,3.21176803803376,74.506,208660842.0,13.697
BR,Brazil,2021,1670647398904.9,8.30165975585673,73.038,209550294.0,13.158
BR,Brazil,2022,1951923942083.32,9.28010608956873,74.872,210306415.0,9.231
BR,Brazil,2023,2191131765684.63,4.59356282283204,75.848,211140729.0,7.947
BR,Brazil,2024,2185821610689.31,4.36746407652337,76.023,211998573.0,6.801
BR,Brazil,2025,2279920092492.13,5.01675279604836,,212812405.0,5.97
CN,China,1960,59846235024.7318,,33.419,667070000.0,
CN,China,1961,50162299349.7871,,40.158,660330000.0,
CN,China,1962,47310737754.2287,,50.959,665770000.0,
CN,China,1963,50812227918.5753,,51.67,682335000.0,
CN,China,1964,59821862703.4023,,52.343,698355000.0,
CN,China,1965,70565994356.1828,,53.001,715185000.0,
CN,China,1966,76854053259.209,,53.662,735400000.0,
CN,China,1967,73011350596.2485,,54.401,754550000.0,
CN,China,1968,70980323818.7853,,55.191,774510000.0,
CN,China,1969,79847786729.1898,,55.988,796025000.0,
CN,China,1970,92752930873.1912,,56.824,818315000.0,
CN,China,1971,99959013879.6308,,57.731,841105000.0,
CN,China,1972,113871930713.841,,58.579,862030000.0,
CN,China,1973,138764340892.0,,59.496,881940000.0,
CN,China,1974,144418433058.472,,60.241,900350000.0,
CN,China,1975,163687619735.857,,60.952,916395000.0,
CN,China,1976,154196810058.643,,61.225,930685000.0,
CN,China,1977,175226595859.778,,62.458,943455000.0,
CN,China,1978,149788617886.179,,63.102,956165000.0,
CN,China,1979,178573913043.478,,63.704,969005000.0,
CN,China,1980,191487500000.0,,64.243,981235000.0,
CN,China,1981,196218253968.254,,64.778,993885000.0,
CN,China,1982,205480916030.534,,65.249,1008630000.0,
CN,China,1983,231130268199.234,,65.728,1023310000.0,
CN,China,1984,260442857142.857,,66.148,1036825000.0,
CN,China,1985,310064625850.34,,66.532,1051040000.0,
CN,China,1986,301310144927.536,,66.887,1066790000.0,
CN,China,1987,273455156950.673,7.23383553065609,67.263,1084035000.0,
CN,China,1988,312888888888.889,18.8118179448753,67.607,1101630000.0,
CN,China,1989,348380566801.619,18.2456383621648,67.93,1118650000.0,
CN,China,1990,361560229445.507,3.05229012075233,68.155,1135185000.0,
CN,China,1991,384510452961.672,3.55668565220452,68.61,1150780000.0,2.37
CN,China,1992,428502354788.069,6.35398134024869,69.059,1164970000.0,2.37
CN,China,1993,446557291212.148,14.6100786356602,69.492,1178440000.0,2.69
CN,China,1994,566929539493.172,24.2569897243361,69.835,1191835000.0,2.9
CN,China,1995,738190896227.55,16.7912268492666,70.363,1204855000.0,3.0
CN,China,1996,868523936530.083,8.3131587270211,70.823,1217550000.0,3.12
CN,China,1997,967753570434.667,2.78646505531882,71.227,1230075000.0,3.23
CN,China,1998,1037134141760.35,-0.773186011549318,71.601,1241935000.0,3.24
CN,China,1999,1103843203575.64,-1.40147268276465,71.952,1252735000.0,3.25
CN,China,2000,1223754919971.05,0.347811226864587,72.288,1262645000.0,3.26
CN,China,2001,1355036590251.52,0.719125609120114,72.675,1271850000.0,3.8
CN,China,2002,1489821682050.54,-0.731970902350244,73.034,1280400000.0,4.24
CN,China,2003,1683903309843.85,1.12760348729637,73.385,1288400000.0,4.58
CN,China,2004,1984196551300.44,3.82463743108159,73.727,1296075000.0,4.49
CN,China,2005,2317551298052.05,1.77641407667571,74.085,1303720000.0,4.52
CN,China,2006,2791498472804.33,1.6494309945586,74.404,1311020000.0,4.43
CN,China,2007,3604055822571.63,4.81676767378834,74.789,1317885000.0,4.35
CN,China,2008,4667346414521.95,5.92525137041092,74.833,1324655000.0,4.59
CN,China,2009,5189577094997.58,-0.728165250932898,75.317,1331260000.0,4.72
CN,China,2010,6192564874453.29,3.17532475269199,75.668,1337705000.0,4.53
CN,China,2011,7671757207851.29,5.55389892257493,75.889,1345035000.0,4.55
CN,China,2012,8673664713189.24,2.61952432645541,76.2,1354190000.0,4.58
CN,China,2013,9743124247267.24,2.62105001748115,76.452,1363240000.0,4.6
CN,China,2014,10674533168257.4,1.92164162788521,76.714,1371860000.0,4.63
CN,China,2015,11280814787468.9,1.43702380935655,76.975,1379860000.0,4.65
CN,China,2016,11456024084962.0,2.00000182191943,77.214,1387790000.0,4.56
CN,China,2017,12537559062282.9,1.59313600071436,77.235,1396215000.0,4.47
CN,China,2018,14147765772963.8,2.07479039965576,77.709,1402760000.0,4.31
CN,China,2019,14560167101283.4,2.89923416358227,77.94,1407745000.0,4.56
CN,China,2020,14996414166715.1,2.41942189457782,78.019,1411100000.0,5.0
CN,China,2021,18201698719564.0,0.981015135544882,78.117,1412360000.0,4.55
CN,China,2022,18316765021690.2,1.97357555739051,78.202,1412175000.0,4.98
CN,China,2023,18270356654533.2,0.234836828893051,77.953,1410710000.0,4.67
CN,China,2024,18729668435848.0,0.218128938439177,78.017,1408975000.0,4.59
CN,China,2025,19498039388042.6,0.0595646916565403,,1406585000.0,4.615
DE,Germany,1960,84619845881.2608,1.53661234295201,69.0640731707317,72814900.0,
DE,Germany,1961,96558204043.1028,2.29369500700884,69.6448780487805,73377632.0,
DE,Germany,1962,105895435234.343,2.84327019799062,69.7992195121951,74025784.0,
DE,Germany,1963,112232503744.1,2.9669597758771,69.9140731707317,74714353.0,
DE,Germany,1964,123330404665.086,2.33573581177832,70.4355609756098,75318337.0,
DE,Germany,1965,134774688191.161,3.24231923668133,70.4103658536585,75963695.0,
DE,Germany,1966,143304275683.979,3.53306035477689,70.5215853658537,76600311.0,
DE,Germany,1967,145100667772.69,1.79604992213175,70.7317317073171,76951336.0,
DE,Germany,1968,156527292653.157,1.470289313277,70.3784634146342,77294314.0,
DE,Germany,1969,177733486326.06,1.91267848797596,70.2288048780488,77909682.0,
DE,Germany,1970,216629229947.096,3.45024936360895,70.4471951219512,78169289.0,
DE,Germany,1971,250900942396.699,5.24097448273094,70.676756097561,78312842.0,
DE,Germany,1972,300899944795.436,5.4849331221432,70.9067073170732,78688452.0,
DE,Germany,1973,399833571167.215,7.03202399303898,71.1128048780488,78936666.0,
DE,Germany,1974,446934971657.471,6.98643109327497,71.4189268292683,78967433.0,
DE,Germany,1975,492434094920.105,5.91033626324104,71.259243902439,78673554.0,
DE,Germany,1976,521658712132.981,4.24663102299209,71.7122195121951,78336950.0,
DE,Germany,1977,602698323085.993,3.73416240635147,72.3073170731707,78159814.0,
DE,Germany,1978,743182891918.208,2.71869696123339,72.2904146341464,78091820.0,
DE,Germany,1979,884574218333.155,4.04362006473399,72.6301707317073,78126350.0,
DE,Germany,1980,953772499462.019,5.44105754460347,72.8003170731707,78288576.0,
DE,Germany,1981,803404797057.551,6.34424277746325,73.0402195121951,78407907.0,
DE,Germany,1982,779421633755.138,5.24104507228422,73.3331463414634,78333366.0,
DE,Germany,1983,773507930294.906,3.29341474302854,73.6221463414634,78128282.0,
DE,Germany,1984,727767760978.627,2.4057933993196,74.0722926829268,77858685.0,
DE,Germany,1985,735218723093.277,2.0662330121658,74.1890975609756,77684873.0,
DE,Germany,1986,1050092624515.9,-0.129413360854742,74.3968292682927,77720436.0,
DE,Germany,1987,1302932318824.81,0.24990610870503,74.8070243902439,77839920.0,
DE,Germany,1988,1406367016371.53,1.27411894006923,74.9987317073171,78144619.0,
DE,Germany,1989,1404092925205.45,2.78056955569751,75.1915365853659,78751283.0,
DE,Germany,1990,1778162195860.07,2.69646824292392,75.0856341463415,79433029.0,
DE,Germany,1991,1875792575132.59,4.04703259753466,75.319512195122,80013896.0,5.316
DE,Germany,1992,2141377582968.07,5.05697796731731,75.819512195122,80624598.0,6.323
DE,Germany,1993,2078954217437.6,4.47457650752808,75.8707317073171,81156363.0,7.675
DE,Germany,1994,2215282632276.73,2.69305639854954,76.2707317073171,81438348.0,8.727
DE,Germany,1995,2593053091306.13,1.70616041317076,76.4219512195122,81678051.0,8.158
DE,Germany,1996,2506576553158.31,1.44972701963239,76.6731707317073,81914831.0,8.822
DE,Germany,1997,2218790886532.82,1.93936968221574,77.0731707317073,82034771.0,9.861
DE,Germany,1998,2247760364565.97,0.911184687196224,77.4756097560976,82047195.0,9.787
DE,Germany,1999,2213873468586.88,0.585434192138622,77.7268292682927,82100243.0,8.854
DE,Germany,2000,1966980701145.1,1.44026838719741,77.9268292682927,82211508.0,7.917
DE,Germany,2001,1966381496641.73,1.98385731334471,78.3292682926829,82349925.0,7.773
DE,Germany,2002,2102350798305.89,1.42080615551526,78.2292682926829,82488495.0,8.482
DE,Germany,2003,2534715518349.01,1.03422218628562,78.3804878048781,82534176.0,9.779
DE,Germany,2004,2852317768061.78,1.66573696655992,78.6804878048781,82516260.0,10.727
DE,Germany,2005,2893393187361.87,1.54691114751328,78.9317073170732,82469422.0,11.193
DE,Germany,2006,3046308753670.58,1.57742642840563,79.1317073170732,82376451.0,10.277
DE,Germany,2007,3484056680854.91,2.29834400700951,79.5341463414634,82266372.0,8.732
DE,Germany,2008,3808197720125.0,2.62837981637219,79.7365853658537,82110097.0,7.508
DE,Germany,2009,3478545516683.59,0.312739007368447,79.8365853658537,81902307.0,7.88
DE,Germany,2010,3467093769666.67,1.1038103778926,79.9878048780488,81776930.0,7.043
DE,Germany,2011,3823575803793.78,2.07517283735874,80.4365853658537,80274983.0,5.967
DE,Germany,2012,3596483233406.25,2.00848884782956,80.5390243902439,80425823.0,5.372
DE,Germany,2013,3807023797050.99,1.50472330251876,80.490243902439,80645605.0,5.316
DE,Germany,2014,3964870735760.77,0.906794000434246,81.090243902439,80982500.0,4.979
DE,Germany,2015,3425099578746.09,0.514426137125456,80.6414634146341,81686611.0,4.612
DE,Germany,2016,3536787895179.0,0.491747008445174,80.990243902439,82348669.0,4.104
DE,Germany,2017,3765351626105.89,1.50949485109628,80.9926829268293,82657002.0,3.781
DE,Germany,2018,4055433215301.96,1.73216879766942,80.8926829268293,82905782.0,3.384
DE,Germany,2019,3959894794039.21,1.44565976888253,81.2926829268293,83092962.0,3.163
DE,Germany,2020,3941398957073.94,0.144877925813982,81.0414634146342,83160871.0,3.881
DE,Germany,2021,4355251953410.78,3.06666666666673,80.790243902439,83196078.0,3.594
DE,Germany,2022,4201021706478.62,6.87257438551097,80.6080487804878,83177813.0,3.137
DE,Germany,2023,4562207532490.28,5.94643667725823,81.0414634146342,83287273.0,3.071
DE,Germany,2024,4685592577804.69,2.2564981433876,80.7926829268293,83516593.0,3.4
DE,Germany,2025,5050922925047.05,2.17178770949721,,83491249.0,3.711
IN,India,1960,37029883876.1839,1.77987784677391,45.61,435990338.0,
IN,India,1961,39232435784.0358,1.69521293914433,45.824,446564729.0,
IN,India,1962,42161481858.0819,3.63221497106987,46.133,457283090.0,
IN,India,1963,48421923459.1235,2.94616135685225,46.458,468138575.0,
IN,India,1964,56480289940.9899,13.3552611508153,46.742,479229598.0,
IN,India,1965,59556105229.0052,9.47475859170695,45.558,490140146.0,
IN,India,1966,45581230504.071,10.8018483489341,45.884,500740247.0,
IN,India,1967,50134942204.0,13.062202477797,46.184,511606372.0,
IN,India,1968,53085455870.6667,3.23741242627507,47.925,522716889.0,
IN,India,1969,58447995017.3333,-0.584136610466281,48.26,533880544.0,
IN,India,1970,62422483054.6667,5.09226161997545,48.585,545864268.0,
IN,India,1971,67351404351.833,3.07993868406546,48.902,558096387.0,
IN,India,1972,71464700666.9869,6.44209746158235,49.213,570482142.0,
IN,India,1973,85517673172.5513,16.9408159791736,49.642,583465598.0,
IN,India,1974,99526597933.6331,28.5987340775089,50.259,597041391.0,
IN,India,1975,98473832017.3242,5.74843029767442,50.761,611309535.0,
IN,India,1976,102716451979.68,-7.63394763392881,51.302,625861883.0,
IN,India,1977,121486641441.309,8.30747009171166,51.822,640801103.0,
IN,India,1978,137302319828.995,2.52304875695179,52.42,655728229.0,
IN,India,1979,152995442497.709,6.27568336762338,53.014,671155747.0,
IN,India,1980,186328579302.068,11.3460734795095,53.593,687354025.0,
IN,India,1981,193491368445.573,13.112546897642,54.173,703696250.0,
IN,India,1982,200715624830.902,7.89074279377487,54.735,720313473.0,
IN,India,1983,218262146413.158,11.8680812986734,55.283,737372681.0,
IN,India,1984,212157645177.652,8.31890711860072,55.813,754875449.0,
IN,India,1985,232511554840.372,5.55642423236554,56.324,772647793.0,
IN,India,1986,248985994040.59,8.72972072702581,56.819,790689978.0,
IN,India,1987,279033584092.223,8.80112581251833,57.291,808931270.0,
IN,India,1988,296589670895.932,9.38347186185336,57.744,827342990.0,
IN,India,1989,296042052944.66,7.07428002942296,58.196,846039529.0,
IN,India,1990,320979026420.035,8.97123250273255,58.618,864972221.0,
IN,India,1991,270105341879.226,13.8702461773683,59.032,883927600.0,7.641
IN,India,1992,288208070278.013,11.7878170418134,59.445,902957070.0,7.649
IN,India,1993,279295648982.529,6.32689048779867,59.823,922118387.0,7.662
IN,India,1994,327274843459.429,10.2479355556119,60.237,941163767.0,7.593
IN,India,1995,360281909643.489,10.2248861637545,60.63,960301044.0,7.57
IN,India,1996,392896866204.516,8.97715233826453,61.027,979678458.0,7.537
IN,India,1997,415867563592.829,7.16425211462721,61.439,999133762.0,7.574
IN,India,1998,421351317224.941,13.2308389767977,61.852,1018665080.0,7.596
IN,India,1999,458821052615.79,4.6698203803759,62.284,1038225823.0,7.583
IN,India,2000,468395521654.458,4.0094359104519,62.749,1057922733.0,7.589
IN,India,2001,485440139204.171,3.77929312235637,63.158,1077898575.0,7.611
IN,India,2002,514939140318.756,4.29715203929562,63.649,1097600380.0,7.681
IN,India,2003,607700687237.318,3.80585899528853,64.086,1116803006.0,7.633
IN,India,2004,709152728830.775,3.76725173477517,64.484,1135991513.0,7.598
IN,India,2005,820383763511.445,4.24634362031924,64.939,1154676322.0,7.551
IN,India,2006,940259888787.721,5.79652337561634,65.373,1172878890.0,7.553
IN,India,2007,1216736438834.96,6.37288135593231,65.803,1190676021.0,7.562
IN,India,2008,1198895139005.92,8.34926704907575,66.247,1207930964.0,7.629
IN,India,2009,1341888016994.9,10.8823529411764,66.7,1225524753.0,7.636
IN,India,2010,1675615519484.96,11.9893899204245,67.162,1243481564.0,7.631
IN,India,2011,1823051829894.55,8.9117933648336,67.623,1261224954.0,7.609
IN,India,2012,1827637590410.41,9.47899691419793,68.076,1278674502.0,7.645
IN,India,2013,1856721507621.58,10.0178784746104,68.499,1295829511.0,7.678
IN,India,2014,2039126479154.52,6.66565671867899,68.932,1312277191.0,7.656
IN,India,2015,2103588360044.94,4.90697344127249,69.326,1328024498.0,7.629
IN,India,2016,2294796885663.16,4.94821634062134,69.709,1343944296.0,7.611
IN,India,2017,2651474262755.45,3.32817337461305,70.068,1359657400.0,7.626
IN,India,2018,2702929641648.74,3.93882646691643,70.415,1374659064.0,7.652
IN,India,2019,2835606256558.19,3.72950573539123,70.746,1389030312.0,6.51
IN,India,2020,2674851578587.27,6.6234367762853,70.156,1402617695.0,7.859
IN,India,2021,3167270623260.47,5.13140747176364,67.282,1414203896.0,6.38
IN,India,2022,3249938492013.47,6.69903414079858,71.698,1425423212.0,4.822
IN,India,2023,3500906030644.76,5.64914318907925,72.003,1438069596.0,4.172
IN,India,2024,3760813470500.86,4.95303550973661,72.235,1450935791.0,4.173
IN,India,2025,3956067115771.63,2.39884954182294,,1463865525.0,4.219
US,United States,1960,541988586206.897,1.45797598627791,69.7707317073171,180671000.0,
US,United States,1961,561940310344.828,1.07072414764724,70.2707317073171,183691000.0,
US,United States,1962,603639413793.103,1.19877334820186,70.119512195122,186538000.0,
US,United States,1963,637058551724.138,1.23966942148753,69.9170731707317,189242000.0,
US,United States,1964,684144620689.655,1.27891156462591,70.1658536585366,191889000.0,
US,United States,1965,741904862068.965,1.58516926383662,70.2146341463415,194303000.0,
US,United States,1966,813032758620.69,3.0150753768844,70.2121951219512,196560000.0,
US,United States,1967,859620034482.759,2.77278562259309,70.5609756097561,198712000.0,
US,United States,1968,940225000000.0,4.27179615288537,69.9512195121951,200706000.0,
US,United States,1969,1017438172413.79,5.46238620028745,70.5073170731708,202677000.0,
US,United States,1970,1073303000000.0,5.83825533848251,70.8073170731707,205052000.0,
US,United States,1971,1164850000000.0,4.29276668813051,71.1073170731707,207661000.0,
US,United States,1972,1279110000000.0,3.27227824655283,71.1560975609756,209896000.0,
US,United States,1973,1425376000000.0,6.17776006377038,71.3560975609756,211909000.0,
US,United States,1974,1545243000000.0,11.0548048048048,71.9560975609756,213854000.0,
US,United States,1975,1684904000000.0,9.14314686496535,72.6048780487805,215973000.0,
US,United States,1976,1873412000000.0,5.74481263549085,72.8560975609756,218035000.0,
US,United States,1977,2081826000000.0,6.5016839947284,73.2560975609756,220239000.0,
US,United States,1978,2351599000000.0,7.63096383885606,73.3560975609756,222585000.0,
US,United States,1979,2627333000000.0,11.2544711292795,73.8048780487805,225055000.0,
US,United States,1980,2857307000000.0,13.5492019749684,73.609756097561,227225000.0,
US,United States,1981,3207041000000.0,10.3347153402771,74.009756097561,229466000.0,
US,United States,1982,3343789000000.0,6.13142700027493,74.3609756097561,231664000.0,
US,United States,1983,3634038000000.0,3.21243523316065,74.4634146341463,233792000.0,
US,United States,1984,4037613000000.0,4.30053547523429,74.5634146341464,235825000.0,
US,United States,1985,4338979000000.0,3.54564415209365,74.5634146341464,237924000.0,
US,United States,1986,4579631000000.0,1.89804772234276,74.6146341463415,240133000.0,
US,United States,1987,4855215000000.0,3.6645632175169,74.7658536585366,242289000.0,
US,United States,1988,5236438000000.0,4.07774110744413,74.7658536585366,244499000.0,
US,United States,1989,5641580000000.0,4.82700303008944,75.0170731707317,246819000.0,
US,United States,1990,5963144000000.0,5.39795643990325,75.2146341463415,249623000.0,
US,United States,1991,6158129000000.0,4.23496396453849,75.3658536585366,252981000.0,6.8
US,United States,1992,6520327000000.0,3.02881967814969,75.6170731707317,256514000.0,7.5
US,United States,1993,6858559000000.0,2.95165696638559,75.419512195122,259919000.0,6.9
US,United States,1994,7287236000000.0,2.60744159215453,75.619512195122,263126000.0,6.119
US,United States,1995,7639749000000.0,2.80541968853662,75.6219512195122,266278000.0,5.65
US,United States,1996,8073122000000.0,2.93120419993441,76.0268292682927,269394000.0,5.451
US,United States,1997,8577552000000.0,2.33768993730735,76.4292682926829,272657000.0,5.0
US,United States,1998,9062817000000.0,1.55227909874364,76.5804878048781,275854000.0,4.511
US,United States,1999,9631172000000.0,2.18802719697358,76.5829268292683,279040000.0,4.219
US,United States,2000,10250952000000.0,3.37685727149929,76.6365853658537,282162411.0,3.992
US,United States,2001,10581929000000.0,2.82617111885407,76.8365853658537,284968955.0,4.731
US,United States,2002,10929108000000.0,1.58603162650601,76.9365853658537,287625193.0,5.783
US,United States,2003,11456450000000.0,2.27009497336115,77.0365853658537,290107933.0,5.989
US,United States,2004,12217196000000.0,2.67723669309172,77.4878048780488,292805298.0,5.529
US,United States,2005,13039197000000.0,3.3927468454955,77.4878048780488,295516599.0,5.084
US,United States,2006,13815583000000.0,3.22594410070404,77.6878048780488,298379912.0,4.623
US,United States,2007,14474228000000.0,2.85267248150138,77.9878048780488,301231207.0,4.622
US,United States,2008,14769862000000.0,3.839100296651,78.0390243902439,304093966.0,5.784
US,United States,2009,14478067000000.0,-0.355546266299747,78.390243902439,306771529.0,9.254
US,United States,2010,15048971000000.0,1.6400434423899,78.5414634146342,309378227.0,9.633
US,United States,2011,15599732000000.0,3.156841568622,78.6414634146341,311839461.0,8.949
US,United States,2012,16253970000000.0,2.06933726526067,78.7414634146342,314339099.0,8.069
US,United States,2013,16880683000000.0,1.46483265562717,78.7414634146342,316726282.0,7.375
US,United States,2014,17608138000000.0,1.62222297740817,78.8414634146341,319257560.0,6.168
US,United States,2015,18295019000000.0,0.118627135552451,78.690243902439,321815121.0,5.28
US,United States,2016,18804913000000.0,1.26158320570536,78.5390243902439,324353340.0,4.869
US,United States,2017,19612102000000.0,2.13011000365961,78.5390243902439,326608609.0,4.355
US,United States,2018,20656516000000.0,2.44258329692817,78.6390243902439,328529577.0,3.896
US,United States,2019,21539982000000.0,1.81221007526021,78.7878048780488,330226227.0,3.669
US,United States,2020,21375281000000.0,1.23358439630629,76.9804878048781,331578104.0,8.055
US,United States,2021,23725645000000.0,4.69785886363742,76.3292682926829,332100166.0,5.349
US,United States,2022,26054614000000.0,8.00279982052121,77.4341463414634,333996304.0,3.65
US,United States,2023,27811517000000.0,4.11633838374488,78.3853658536585,336755052.0,3.638
US,United States,2024,29298013000000.0,2.94952520485207,78.890243902439,340003797.0,4.022
US,United States,2025,30769700000000.0,,,341784857.0,4.198
