country_code,country_name,year,GDP (current US$),"Inflation, consumer prices (annual %)","Life expectancy at birth, total (years)","Population, total","Unemployment, total (% of total labor force) (modeled ILO estimate)",gdp_per_capita,gdp_annual_growth_pct
BR,Brazil,1960,17030465539.3906,,53.162,72388126.0,,235.26600950258887,
BR,Brazil,1961,17275940449.3837,,53.594,74605447.0,,231.56406326985348,1.4413869628245424
BR,Brazil,1962,19231747851.5332,,54.017,76865323.0,,250.2005729102732,11.320989487546363
BR,Brazil,1963,23287712878.2002,,54.452,79164235.0,,294.16961937673244,21.089944907652523
BR,Brazil,1964,20963733694.9749,,54.848,81488595.0,,257.25972689767076,-9.979422175892571
BR,Brazil,1965,22465522884.0988,,55.243,83817583.0,,268.028760553723,7.163748647903723
BR,Brazil,1966,28283323733.1114,,55.625,86139359.0,,328.34379151940755,25.896574404375272
BR,Brazil,1967,31086389194.961,,56.016,88446124.0,,351.47260037037915,9.91066498513411
BR,Brazil,1968,33930457425.2613,,56.47,90741240.0,,373.92543263968287,9.1489179153728
BR,Brazil,1969,37171640818.5863,,56.898,93045777.0,,399.4984191339098,9.552430586779948
BR,Brazil,1970,42327664793.6934,,57.338,95375651.0,,443.79948498273836,13.870853859453568
BR,Brazil,1971,48869830901.7878,,57.786,97739273.0,,500.0019889833619,15.45600528633262
BR,Brazil,1972,58434858374.8696,,58.255,100146797.0,,583.4920349461561,19.57245870628106
BR,Brazil,1973,83592275862.9982,,58.681,102600976.0,,814.731780553415,43.05207232083883
BR,Brazil,1974,109794519727.538,,59.081,105089675.0,,1044.769809474984,31.34529308363778
BR,Brazil,1975,129203555238.827,,59.556,107619565.0,,1200.558237146071,17.677599537257183
BR,Brazil,1976,153168949208.207,,60.007,110213349.0,,1389.74952306555,18.54855613305768
BR,Brazil,1977,176344101401.941,,60.461,112875292.0,,1562.2914304570836,15.130450599508482
BR,Brazil,1978,200278646123.581,,60.922,115600942.0,,1732.5001220455538,13.572636981537588
BR,Brazil,1979,221338204480.222,,61.365,118380821.0,,1869.7133759548938,10.51512917839792
BR,Brazil,1980,237393489892.637,,61.819,121207461.0,,1958.5715923266225,7.253734370041687
BR,Brazil,1981,258015174748.648,101.725072957927,62.267,124063109.0,,2079.709083774839,8.686710349697169
BR,Brazil,1982,271314113768.417,100.54335919485,62.708,126923155.0,,2137.6250359394,5.154324365892227
BR,Brazil,1983,189656506321.431,135.027682230473,63.133,129790077.0,,1461.2558271417852,-30.097073208910064
BR,Brazil,1984,188339974086.58,192.121733132051,63.553,132658864.0,,1419.7315460697748,-0.6941666597083396
BR,Brazil,1985,210879844638.877,225.989665211895,63.98,135515595.0,,1556.1297180510996,11.96765087263707
BR,Brazil,1986,256480852471.129,147.142826237604,64.389,138336370.0,,1854.0377521191933,21.624166079191596
BR,Brazil,1987,283056836893.838,228.336162575513,64.785,141104944.0,,2006.0022623575685,10.361781071240216
BR,Brazil,1988,307881930752.268,629.114509120897,65.161,143826357.0,,2140.6502756116392,8.770356558368796
BR,Brazil,1989,412990820287.42,1430.7237251472,65.514,146502972.0,,2818.9927798012177,34.1393498729635
BR,Brazil,1990,384959818181.817,2947.732772483,65.862,149143223.0,,2581.141874490784,-6.78731844114473
BR,Brazil,1991,342534090909.091,432.786661926461,66.203,151724256.0,,2257.6092968885014,-11.020819646347679
BR,Brazil,1992,328191909882.232,951.962053052818,66.539,154275079.0,,2127.316427316378,-4.187081346792265
BR,Brazil,1993,368292034380.96,1927.38079016026,66.892,156794577.0,,2348.8824768535205,12.218498778083076
BR,Brazil,1994,525369467295.737,2075.88839757325,67.293,159265006.0,,3298.7125074778637,42.65023900905134
BR,Brazil,1995,769333050986.905,66.0070335542481,67.701,161735073.0,,4756.748407854028,46.43657442579128
BR,Brazil,1996,850426432991.742,15.7576656002606,68.108,164202549.0,,5179.130520024643,10.54073809786409
BR,Brazil,1997,883206179730.462,6.92671251629154,68.505,166661659.0,,5299.396304044123,3.8545070410621163
BR,Brazil,1998,863710759256.435,3.19507629280052,68.848,169159655.0,,5105.890995441171,-2.2073464748601057
BR,Brazil,1999,599642024319.531,4.85844749902667,69.211,171641543.0,,3493.5716251369927,-30.573746142081138
BR,Brazil,2000,655448231983.527,7.04414105947266,69.584,174018282.0,,3766.5481146603147,9.306587163787338
BR,Brazil,2001,559983634798.981,6.84035902487523,69.98,176301203.0,,3176.2893574752347,-14.56478063807567
BR,Brazil,2002,509795273806.715,8.45016437708331,70.396,178503484.0,,2855.9401888576867,-8.962469235423676
BR,Brazil,2003,558233745651.874,14.7149197228147,70.884,180622688.0,,3090.607009745498,9.50155372831567
BR,Brazil,2004,669289424806.307,6.59718509985963,71.361,182675143.0,,3663.8231880639996,19.894117834948943
BR,Brazil,2005,891633839894.183,6.86953720898964,71.832,184688101.0,,4827.781730747142,33.22096642304226
BR,Brazil,2006,1107626541434.92,4.18356812896909,72.296,186653106.0,,5934.144709249681,24.22437236863626
BR,Brazil,2007,1397114486368.67,3.64127299102652,72.73,188552320.0,,7409.691306734756,26.135880109799547
BR,Brazil,2008,1695855083497.52,5.67859390284168,73.111,190367302.0,,8908.331765386474,21.382685531042345
BR,Brazil,2009,1666996438581.43,4.88803479876799,73.457,192079951.0,,8678.659224467576,-1.7017164495312986
BR,Brazil,2010,2208837745100.55,5.03872690108075,73.779,193701929.0,,11403.282127874678,32.50404703804961
BR,Brazil,2011,2616156223917.69,6.6364496221309,74.047,195284734.0,,13396.624356298582,18.44039833711726
BR,Brazil,2012,2465227802806.76,5.40349914036997,74.335,196876111.0,,12521.721351996635,-5.769090535614696
BR,Brazil,2013,2472819535557.21,6.20431066640101,74.609,198478299.0,,12458.891213881321,0.307952585225868
BR,Brazil,2014,2456043727198.85,6.32904015516139,74.823,200085127.0,,12274.993968936282,-0.6784081133757169
BR,Brazil,2015,1802212206814.5,9.02990102416136,75.106,201675532.0,,8936.19661712111,-26.621330603508987
BR,Brazil,2016,1795693482853.01,8.73914352329393,75.081,203218114.0,,8836.286527356562,-0.36170679217694124
BR,Brazil,2017,2063514977365.65,3.44637335032669,75.383,204703445.0,,10080.509281930501,14.914655372426001
BR,Brazil,2018,1916933898010.99,3.66485028376729,75.633,206107261.0,,9300.661649232192,-7.103465735043512
BR,Brazil,2019,1873288205059.69,3.73297621216894,75.809,207455459.0,,9029.833266810732,-2.276849138960235
BR,Brazil,2020,1476107231310.49,3.21176803803376,74.506,208660842.0,,7074.193783376423,-21.20234209965275
BR,Brazil,2021,1670647398904.9,8.30165975585673,73.038,209550294.0,,7972.53664986459,13.179270683586907
BR,Brazil,2022,1951923942083.32,9.28010608956873,74.872,210306415.0,,9281.333344412342,16.836379918515142
BR,Brazil,2023,2191131765684.63,4.59356282283204,75.848,211140729.0,,10377.589279255684,12.254976663998463
BR,Brazil,2024,2185821610689.31,4.36746407652337,76.023,211998573.0,,10310.548697369346,-0.24234758851485738
BR,Brazil,2025,2279920092492.13,5.01675279604836,,212812405.0,,10713.285686951049,4.304947912613288
CN,China,1960,59846235024.7318,,33.419,667070000.0,,89.71507491677305,
CN,China,1961,50162299349.7871,,40.158,660330000.0,,75.96550111275741,-16.18136156926623
CN,China,1962,47310737754.2287,,50.959,665770000.0,,71.06168459712619,-5.684670823548499
CN,China,1963,50812227918.5753,,51.67,682335000.0,,74.46815408644625,7.401047480037737
CN,China,1964,59821862703.4023,,52.343,698355000.0,,85.66110746454497,17.73123351187158
CN,China,1965,70565994356.1828,,53.001,715185000.0,,98.6681688740435,17.960209139675353
CN,China,1966,76854053259.209,,53.662,735400000.0,,104.50646350177999,8.910891089108919
CN,China,1967,73011350596.2485,,54.401,754550000.0,,96.76144801040157,-5.00000000000006
CN,China,1968,70980323818.7853,,55.191,774510000.0,,91.64545818489793,-2.7817959274507253
CN,China,1969,79847786729.1898,,55.988,796025000.0,,100.30813947952615,12.49284651482203
CN,China,1970,92752930873.1912,,56.824,818315000.0,,113.3462430398944,16.16218141120207
CN,China,1971,99959013879.6308,,57.731,841105000.0,,118.84249157909036,7.769116230183104
CN,China,1972,113871930713.841,,58.579,862030000.0,,132.09741043100703,13.918621537187171
CN,China,1973,138764340892.0,,59.496,881940000.0,,157.33988807855408,21.86000537807107
CN,China,1974,144418433058.472,,60.241,900350000.0,,160.40254685230408,4.074600239605175
CN,China,1975,163687619735.857,,60.952,916395000.0,,178.62124928208578,13.342608882609408
CN,China,1976,154196810058.643,,61.225,930685000.0,,165.68098772263764,-5.798123091122786
CN,China,1977,175226595859.778,,62.458,943455000.0,,185.72862071829394,13.638275521482646
CN,China,1978,149788617886.179,,63.102,956165000.0,,156.65561685083534,-14.517190069682872
CN,China,1979,178573913043.478,,63.704,969005000.0,,184.28585305904303,19.21727803054589
CN,China,1980,191487500000.0,,64.243,981235000.0,,195.14947999205083,7.231508083365945
CN,China,1981,196218253968.254,,64.778,993885000.0,,197.42551096782222,2.470528869118871
CN,China,1982,205480916030.534,,65.249,1008630000.0,,203.7227883669274,4.720591420499853
CN,China,1983,231130268199.234,,65.728,1023310000.0,,225.86534696156005,12.482595787576
CN,China,1984,260442857142.857,,66.148,1036825000.0,,251.1926864638266,12.682280504410425
CN,China,1985,310064625850.34,,66.532,1051040000.0,,295.0074458158967,19.052843012033428
CN,China,1986,301310144927.536,,66.887,1066790000.0,,282.445603096707,-2.823437500745274
CN,China,1987,273455156950.673,7.23383553065609,67.263,1084035000.0,,252.2567601144548,-9.244623337711388
CN,China,1988,312888888888.889,18.8118179448753,67.607,1101630000.0,,284.02357314968634,14.420547916501425
CN,China,1989,348380566801.619,18.2456383621648,67.93,1118650000.0,,311.4294612270317,11.343220923812858
CN,China,1990,361560229445.507,3.05229012075233,68.155,1135185000.0,,318.50335359039013,3.7831222231729633
CN,China,1991,384510452961.672,3.55668565220452,68.61,1150780000.0,2.37,334.1302881190775,6.347551983624333
CN,China,1992,428502354788.069,6.35398134024869,69.059,1164970000.0,2.37,367.82265190354167,11.44101583911481
CN,China,1993,446557291212.148,14.6100786356602,69.492,1178440000.0,2.69,378.93935305331456,4.213497597465654
CN,China,1994,566929539493.172,24.2569897243361,69.835,1191835000.0,2.9,475.6778744483691,26.955611441094618
CN,China,1995,738190896227.55,16.7912268492666,70.363,1204855000.0,3.0,612.6802778986269,30.20857880989647
CN,China,1996,868523936530.083,8.3131587270211,70.823,1217550000.0,3.12,713.337387811657,17.655736608049043
CN,China,1997,967753570434.667,2.78646505531882,71.227,1230075000.0,3.23,786.743548510999,11.4250891346789
CN,China,1998,1037134141760.35,-0.773186011549318,71.601,1241935000.0,3.24,835.0953485974306,7.169239509446679
CN,China,1999,1103843203575.64,-1.40147268276465,71.952,1252735000.0,3.25,881.1466140689291,6.432057255589263
CN,China,2000,1223754919971.05,0.347811226864587,72.288,1262645000.0,3.26,969.1995136962884,10.863111355578802
CN,China,2001,1355036590251.52,0.719125609120114,72.675,1271850000.0,3.8,1065.40597574519,10.7277746661542
CN,China,2002,1489821682050.54,-0.731970902350244,73.034,1280400000.0,4.24,1163.559576734255,9.946970640401776
CN,China,2003,1683903309843.85,1.12760348729637,73.385,1288400000.0,4.58,1306.9724540855714,13.027171649575052
CN,China,2004,1984196551300.44,3.82463743108159,73.727,1296075000.0,4.49,1530.9272621572363,17.83316415503906
CN,China,2005,2317551298052.05,1.77641407667571,74.085,1303720000.0,4.52,1777.6449682846392,16.800490179923443
CN,China,2006,2791498472804.33,1.6494309945586,74.404,1311020000.0,4.43,2129.2569699961327,20.450342357066397
CN,China,2007,3604055822571.63,4.81676767378834,74.789,1317885000.0,4.35,2734.7270987769266,29.108285663900336
CN,China,2008,4667346414521.95,5.92525137041092,74.833,1324655000.0,4.59,3523.4430206521324,29.502611621360032
CN,China,2009,5189577094997.58,-0.728165250932898,75.317,1331260000.0,4.72,3898.2445915881044,11.189027642147265
CN,China,2010,6192564874453.29,3.17532475269199,75.668,1337705000.0,4.53,4629.245517100773,19.32696559075162
CN,China,2011,7671757207851.29,5.55389892257493,75.889,1345035000.0,4.55,5703.760279733457,23.88658598475466
CN,China,2012,8673664713189.24,2.61952432645541,76.2,1354190000.0,4.58,6405.0574241349,13.059687346630255
CN,China,2013,9743124247267.24,2.62105001748115,76.452,1363240000.0,4.6,7147.035186223438,12.329961664897793
CN,China,2014,10674533168257.4,1.92164162788521,76.714,1371860000.0,4.63,7781.0659748497665,9.55965352952779
CN,China,2015,11280814787468.9,1.43702380935655,76.975,1379860000.0,4.65,8175.33285077392,5.679701488158617
CN,China,2016,11456024084962.0,2.00000182191943,77.214,1387790000.0,4.56,8254.868593203582,1.553161724521246
CN,China,2017,12537559062282.9,1.59313600071436,77.235,1396215000.0,4.47,8979.676527098549,9.440753347757024
CN,China,2018,14147765772963.8,2.07479039965576,77.709,1402760000.0,4.31,10085.663814881947,12.843063810761478
CN,China,2019,14560167101283.4,2.89923416358227,77.94,1407745000.0,4.56,10342.90095243343,2.9149572797401824
CN,China,2020,14996414166715.1,2.41942189457782,78.019,1411100000.0,5.0,10627.463798961873,2.9961679862399837
CN,China,2021,18201698719564.0,0.981015135544882,78.117,1412360000.0,4.55,12887.43572429409,21.373673180906838
CN,China,2022,18316765021690.2,1.97357555739051,78.202,1412175000.0,4.98,12970.605641432683,0.6321734245744892
CN,China,2023,18270356654533.2,0.234836828893051,77.953,1410710000.0,4.67,12951.178239704263,-0.2533655211607755
CN,China,2024,18729668435848.0,0.218128938439177,78.017,1408975000.0,4.59,13293.116226936603,2.5139727154742664
CN,China,2025,19498039388042.6,0.0595646916565403,,1406585000.0,4.615,13861.970224367957,4.102426878651855
DE,Germany,1960,84619845881.2608,1.53661234295201,69.0640731707317,72814900.0,,1162.1226683173472,
DE,Germany,1961,96558204043.1028,2.29369500700884,69.6448780487805,73377632.0,,1315.9078783450357,14.108224893949806
DE,Germany,1962,105895435234.343,2.84327019799062,69.7992195121951,74025784.0,,1430.5209551626363,9.67005474446494
DE,Germany,1963,112232503744.1,2.9669597758771,69.9140731707317,74714353.0,,1502.1545290514662,5.984269761707184
DE,Germany,1964,123330404665.086,2.33573581177832,70.4355609756098,75318337.0,,1637.4552277367197,9.888312699759583
DE,Germany,1965,134774688191.161,3.24231923668133,70.4103658536585,75963695.0,,1774.1986904554997,9.279369152442897
DE,Germany,1966,143304275683.979,3.53306035477689,70.5215853658537,76600311.0,,1870.8054029177376,6.328775534408848
DE,Germany,1967,145100667772.69,1.79604992213175,70.7317317073171,76951336.0,,1885.6159660787437,1.2535509356835117
DE,Germany,1968,156527292653.157,1.470289313277,70.3784634146342,77294314.0,,2025.0815946585283,7.874963675816837
DE,Germany,1969,177733486326.06,1.91267848797596,70.2288048780488,77909682.0,,2281.2759821822915,13.547920821637804
DE,Germany,1970,216629229947.096,3.45024936360895,70.4471951219512,78169289.0,,2771.2831051475473,21.884308030553147
DE,Germany,1971,250900942396.699,5.24097448273094,70.676756097561,78312842.0,,3203.8288483605156,15.82044697198648
DE,Germany,1972,300899944795.436,5.4849331221432,70.9067073170732,78688452.0,,3823.9403260269496,19.92778581105672
DE,Germany,1973,399833571167.215,7.03202399303898,71.1128048780488,78936666.0,,5065.245233022826,32.87924377621212
DE,Germany,1974,446934971657.471,6.98643109327497,71.4189268292683,78967433.0,,5659.737877733356,11.780251556355093
DE,Germany,1975,492434094920.105,5.91033626324104,71.259243902439,78673554.0,,6259.207444983418,10.180255774995462
DE,Germany,1976,521658712132.981,4.24663102299209,71.7122195121951,78336950.0,,6659.165465760168,5.934726598818796
DE,Germany,1977,602698323085.993,3.73416240635147,72.3073170731707,78159814.0,,7711.102320253642,15.53498658570347
DE,Germany,1978,743182891918.208,2.71869696123339,72.2904146341464,78091820.0,,9516.782832289067,23.30926824433368
DE,Germany,1979,884574218333.155,4.04362006473399,72.6301707317073,78126350.0,,11322.354344381314,19.025105119145834
DE,Germany,1980,953772499462.019,5.44105754460347,72.8003170731707,78288576.0,,12182.780019680255,7.82277842771153
DE,Germany,1981,803404797057.551,6.34424277746325,73.0402195121951,78407907.0,,10246.476762318767,-15.765573288104218
DE,Germany,1982,779421633755.138,5.24104507228422,73.3331463414634,78333366.0,,9950.059260253644,-2.985190453212472
DE,Germany,1983,773507930294.906,3.29341474302854,73.6221463414634,78128282.0,,9900.485592335257,-0.7587297047094488
DE,Germany,1984,727767760978.627,2.4057933993196,74.0722926829268,77858685.0,,9347.290684123767,-5.91334200010597
DE,Germany,1985,735218723093.277,2.0662330121658,74.1890975609756,77684873.0,,9464.11694710857,1.0238104123533542
DE,Germany,1986,1050092624515.9,-0.129413360854742,74.3968292682927,77720436.0,,13511.152002748673,42.82724195296031
DE,Germany,1987,1302932318824.81,0.24990610870503,74.8070243902439,77839920.0,,16738.61328255232,24.077846887599176
DE,Germany,1988,1406367016371.53,1.27411894006923,74.9987317073171,78144619.0,,17996.97835076181,7.9386086331801
DE,Germany,1989,1404092925205.45,2.78056955569751,75.1915365853659,78751283.0,,17829.46095247045,-0.16169969429085107
DE,Germany,1990,1778162195860.07,2.69646824292392,75.0856341463415,79433029.0,,22385.677825027546,26.64134716011659
DE,Germany,1991,1875792575132.59,4.04703259753466,75.319512195122,80013896.0,5.316,23443.335081853656,5.490521590202735
DE,Germany,1992,2141377582968.07,5.05697796731731,75.819512195122,80624598.0,6.323,26559.854387963213,14.158548837240549
DE,Germany,1993,2078954217437.6,4.47457650752808,75.8707317073171,81156363.0,7.675,25616.65087724052,-2.915103157283816
DE,Germany,1994,2215282632276.73,2.69305639854954,76.2707317073171,81438348.0,8.727,27201.95935552045,6.557547717773238
DE,Germany,1995,2593053091306.13,1.70616041317076,76.4219512195122,81678051.0,8.158,31747.24493984473,17.05292379063843
DE,Germany,1996,2506576553158.31,1.44972701963239,76.6731707317073,81914831.0,8.822,30599.789104836338,-3.3349312606731574
DE,Germany,1997,2218790886532.82,1.93936968221574,77.0731707317073,82034771.0,9.861,27046.95654642371,-11.481223913264394
DE,Germany,1998,2247760364565.97,0.911184687196224,77.4756097560976,82047195.0,9.787,27395.94406080513,1.3056425555460605
DE,Germany,1999,2213873468586.88,0.585434192138622,77.7268292682927,82100243.0,8.854,26965.492277372185,-1.5075849059930202
DE,Germany,2000,1966980701145.1,1.44026838719741,77.9268292682927,82211508.0,7.917,23925.855990199085,-11.152072191342166
DE,Germany,2001,1966381496641.73,1.98385731334471,78.3292682926829,82349925.0,7.773,23878.36414716504,-0.030463161281724105
DE,Germany,2002,2102350798305.89,1.42080615551526,78.2292682926829,82488495.0,8.482,25486.5942008748,6.914695947677196
DE,Germany,2003,2534715518349.01,1.03422218628562,78.3804878048781,82534176.0,9.779,30711.10225113303,20.5657742937823
DE,Germany,2004,2852317768061.78,1.66573696655992,78.6804878048781,82516260.0,10.727,34566.73591437348,12.530094498322274
DE,Germany,2005,2893393187361.87,1.54691114751328,78.9317073170732,82469422.0,11.193,35084.43635462693,1.4400716413866421
DE,Germany,2006,3046308753670.58,1.57742642840563,79.1317073170732,82376451.0,10.277,36980.334994895326,5.284990888090624
DE,Germany,2007,3484056680854.91,2.29834400700951,79.5341463414634,82266372.0,8.732,42350.921721148836,14.36978200771264
DE,Germany,2008,3808197720125.0,2.62837981637219,79.7365853658537,82110097.0,7.508,46379.16479534788,9.303552409214898
DE,Germany,2009,3478545516683.59,0.312739007368447,79.8365853658537,81902307.0,7.88,42471.886862522566,-8.656383614204511
DE,Germany,2010,3467093769666.67,1.1038103778926,79.9878048780488,81776930.0,7.043,42396.9665976293,-0.3292107854272919
DE,Germany,2011,3823575803793.78,2.07517283735874,80.4365853658537,80274983.0,5.967,47630.97618835721,10.281868844908182
DE,Germany,2012,3596483233406.25,2.00848884782956,80.5390243902439,80425823.0,5.372,44718.01592140686,-5.939272085627456
DE,Germany,2013,3807023797050.99,1.50472330251876,80.490243902439,80645605.0,5.316,47206.835351424175,5.854067709509003
DE,Germany,2014,3964870735760.77,0.906794000434246,81.090243902439,80982500.0,4.979,48959.59912031328,4.146203100491563
DE,Germany,2015,3425099578746.09,0.514426137125456,80.6414634146341,81686611.0,4.612,41929.754911072145,-13.613839970778018
DE,Germany,2016,3536787895179.0,0.491747008445174,80.990243902439,82348669.0,4.104,42948.9381932694,3.2608779355197237
DE,Germany,2017,3765351626105.89,1.50949485109628,80.9926829268293,82657002.0,3.781,45553.93414953388,6.462466444155313
DE,Germany,2018,4055433215301.96,1.73216879766942,80.8926829268293,82905782.0,3.384,48916.16866121545,7.703970784159431
DE,Germany,2019,3959894794039.21,1.44565976888253,81.2926829268293,83092962.0,3.163,47656.19973974703,-2.3558129598155952
DE,Germany,2020,3941398957073.94,0.144877925813982,81.0414634146342,83160871.0,3.881,47394.8734504469,-0.46707899899541827
DE,Germany,2021,4355251953410.78,3.06666666666673,80.790243902439,83196078.0,3.594,52349.24599944218,10.500154915656656
DE,Germany,2022,4201021706478.62,6.87257438551097,80.6080487804878,83177813.0,3.137,50506.51796385438,-3.5412474084622225
DE,Germany,2023,4562207532490.28,5.94643667725823,81.0414634146342,83287273.0,3.071,54776.766823549144,8.597571049315356
DE,Germany,2024,4685592577804.69,2.2564981433876,80.7926829268293,83516593.0,3.4,56103.73231825549,2.7045031256405894
DE,Germany,2025,5050922925047.05,2.17178770949721,,83491249.0,3.711,60496.43508204135,7.796886758206467
IN,India,1960,37029883876.1839,1.77987784677391,,435990338.0,,84.93280847931061,
IN,India,1961,39232435784.0358,1.69521293914433,,446564729.0,,87.85386134702053,5.948038927738808
IN,India,1962,42161481858.0819,3.63221497106987,,457283090.0,,92.19995836295172,7.465878718746222
IN,India,1963,48421923459.1235,2.94616135685225,,468138575.0,,103.4350212629316,14.848722874861519
IN,India,1964,56480289940.9899,13.3552611508153,,479229598.0,,117.85643077285451,16.641979306478927
IN,India,1965,59556105229.0052,9.47475859170695,,490140146.0,,121.50831902882977,5.445820641552812
IN,India,1966,45581230504.071,10.8018483489341,,500740247.0,,91.02769505178401,-23.465058151801564
IN,India,1967,50134942204.0,13.062202477797,,511606372.0,,97.9951481214155,9.990322002216011
IN,India,1968,53085455870.6667,3.23741242627507,,522716889.0,,101.55680252119556,5.885144246623453
IN,India,1969,58447995017.3333,-0.584136610466281,,533880544.0,,109.47766438428836,10.101710645061557
IN,India,1970,62422483054.6667,5.09226161997545,,545864268.0,,114.35532002007997,6.800041705715887
IN,India,1971,67351404351.833,3.07993868406546,,558096387.0,,120.68059553991164,7.896067339791313
IN,India,1972,71464700666.9869,6.44209746158235,,570482142.0,,125.27070596188248,6.107216849802688
IN,India,1973,85517673172.5513,16.9408159791736,,583465598.0,,146.56849258240467,19.66421516413932
IN,India,1974,99526597933.6331,28.5987340775089,,597041391.0,,166.6996617553323,16.381321242002954
IN,India,1975,98473832017.3242,5.74843029767442,,611309535.0,,161.0866940220787,-1.0577734376200687
IN,India,1976,102716451979.68,-7.63394763392881,,625861883.0,,164.11999958732108,4.308372971216756
IN,India,1977,121486641441.309,8.30747009171166,,640801103.0,,189.58556855247642,18.27379071206845
IN,India,1978,137302319828.995,2.52304875695179,,655728229.0,,209.38906357346252,13.018450588517293
IN,India,1979,152995442497.709,6.27568336762338,,671155747.0,,227.95817987342514,11.429612178628323
IN,India,1980,186328579302.068,11.3460734795095,,687354025.0,,271.08094595367794,21.787012907170823
IN,India,1981,193491368445.573,13.112546897642,,703696250.0,,274.9643307685283,3.8441709641831245
IN,India,1982,200715624830.902,7.89074279377487,,720313473.0,,278.6503825826704,3.733632380279084
IN,India,1983,218262146413.158,11.8680812986734,,737372681.0,,295.99977329938264,8.741980898118173
IN,India,1984,212157645177.652,8.31890711860072,,754875449.0,,281.0498678407171,-2.796866674237919
IN,India,1985,232511554840.372,5.55642423236554,,772647793.0,,300.9282585763783,9.59376676983592
IN,India,1986,248985994040.59,8.72972072702581,,790689978.0,,314.8971164025428,7.085428167872476
IN,India,1987,279033584092.223,8.80112581251833,,808931270.0,,344.9410282930749,12.067984051638913
IN,India,1988,296589670895.932,9.38347186185336,,827342990.0,,358.48453964169323,6.29174687370484
IN,India,1989,296042052944.66,7.07428002942296,,846039529.0,,349.9151550218642,-0.18463824098047255
IN,India,1990,320979026420.035,8.97123250273255,,864972221.0,,371.0859362037651,8.423456474285619
IN,India,1991,270105341879.226,13.8702461773683,,883927600.0,7.641,305.5740559285919,-15.849535437943342
IN,India,1992,288208070278.013,11.7878170418134,,902957070.0,7.649,319.1824726263155,6.7020993634703485
IN,India,1993,279295648982.529,6.32689048779867,,922118387.0,7.662,302.88480624617347,-3.0923566043403516
IN,India,1994,327274843459.429,10.2479355556119,,941163767.0,7.593,347.73421473994017,17.178640144122447
IN,India,1995,360281909643.489,10.2248861637545,,960301044.0,7.57,375.17600537304946,10.085427231485866
IN,India,1996,392896866204.516,8.97715233826453,,979678458.0,7.537,401.04675467357885,9.052621208014733
IN,India,1997,415867563592.829,7.16425211462721,,999133762.0,7.574,416.2281162037531,5.846495445539124
IN,India,1998,421351317224.941,13.2308389767977,,1018665080.0,7.596,413.6308640568507,1.31862980241495
IN,India,1999,458821052615.79,4.6698203803759,,1038225823.0,7.583,441.9279914363968,8.89275382776258
IN,India,2000,468395521654.458,4.0094359104519,,1057922733.0,7.589,442.75021893726336,2.0867545166210144
IN,India,2001,485440139204.171,3.77929312235637,,1077898575.0,7.611,450.35790051412863,3.6389369158587037
IN,India,2002,514939140318.756,4.29715203929562,,1097600380.0,7.681,469.1499289739276,6.076753595808038
IN,India,2003,607700687237.318,3.80585899528853,,1116803006.0,7.633,544.1431335450023,18.014079656314543
IN,India,2004,709152728830.775,3.76725173477517,,1135991513.0,7.598,624.2588265100666,16.694409554590184
IN,India,2005,820383763511.445,4.24634362031924,,1154676322.0,7.551,710.4880804089486,15.685060517790506
IN,India,2006,940259888787.721,5.79652337561634,,1172878890.0,7.553,801.6683536590218,14.61220109515291
IN,India,2007,1216736438834.96,6.37288135593231,,1190676021.0,7.562,1021.8870770682632,29.40426932427169
IN,India,2008,1198895139005.92,8.34926704907575,,1207930964.0,7.629,992.5195849238285,-1.4663241158556328
IN,India,2009,1341888016994.9,10.8823529411764,,1225524753.0,7.636,1094.9497459843635,11.92705461359569
IN,India,2010,1675615519484.96,11.9893899204245,,1243481564.0,7.631,1347.5193907136688,24.86999647239032
IN,India,2011,1823051829894.55,8.9117933648336,,1261224954.0,7.609,1445.4612748603688,8.798934403216085
IN,India,2012,1827637590410.41,9.47899691419793,,1278674502.0,7.645,1429.3219952003155,0.2515430686425013
IN,India,2013,1856721507621.58,10.0178784746104,,1295829511.0,7.678,1432.8439751219557,1.5913394079752452
IN,India,2014,2039126479154.52,6.66565671867899,,1312277191.0,7.656,1553.8839607511854,9.824035041560798
IN,India,2015,2103588360044.94,4.90697344127249,,1328024498.0,7.629,1583.9981590798484,3.161249758138962
IN,India,2016,2294796885663.16,4.94821634062134,,1343944296.0,7.611,1707.5089291224315,9.089636035737293
IN,India,2017,2651474262755.45,3.32817337461305,,1359657400.0,7.626,1950.1046828086621,15.542873503125577
IN,India,2018,2702929641648.74,3.93882646691643,,1374659064.0,7.652,1966.2545517167887,1.9406327874296192
IN,India,2019,2835606256558.19,3.72950573539123,,1389030312.0,6.51,2041.42863698585,4.908622587324141
IN,India,2020,2674851578587.27,6.6234367762853,,1402617695.0,7.859,1907.0425163766881,-5.669146680683412
IN,India,2021,3167270623260.47,5.13140747176364,,1414203896.0,6.38,2239.6138436748233,18.409210014309373
IN,India,2022,3249938492013.47,6.69903414079858,,1425423212.0,4.822,2279.98145719369,2.6100664763498926
IN,India,2023,3500906030644.76,5.64914318907925,,1438069596.0,4.172,2434.4482634098886,7.722224258952193
IN,India,2024,3760813470500.86,4.95303550973661,,1450935791.0,4.173,2591.9916607122004,7.4240050312985195
IN,India,2025,3956067115771.63,2.39884954182294,,1463865525.0,4.219,2702.4798714155318,5.191792860834621
US,United States,1960,541988586206.897,1.45797598627791,,180671000.0,,2999.8648715449463,
US,United States,1961,561940310344.828,1.07072414764724,,183691000.0,,3059.1608208612724,3.6812074360390135
US,United States,1962,603639413793.103,1.19877334820186,,186538000.0,,3236.013111500622,7.42055742943355
US,United States,1963,637058551724.138,1.23966942148753,,189242000.0,,3366.3697896034596,5.536274995868529
US,United States,1964,684144620689.655,1.27891156462591,,191889000.0,,3565.3144301635584,7.391168180394581
US,United States,1965,741904862068.965,1.58516926383662,,194303000.0,,3818.288251179678,8.44269466316705
US,United States,1966,813032758620.69,3.0150753768844,,196560000.0,,4136.308295791056,9.587199139438063
US,United States,1967,859620034482.759,2.77278562259309,,198712000.0,,4325.959350631864,5.730061349693272
US,United States,1968,940225000000.0,4.27179615288537,,200706000.0,,4684.58840293763,9.376813276082107
US,United States,1969,1017438172413.79,5.46238620028745,,202677000.0,,5019.9981863447265,8.212201591511615
US,United States,1970,1073303000000.0,5.83825533848251,,205052000.0,,5234.296666211498,5.490734385724405
US,United States,1971,1164850000000.0,4.29276668813051,,207661000.0,,5609.382599525187,8.529464652572472
US,United States,1972,1279110000000.0,3.27227824655283,,209896000.0,,6094.017989861646,9.808988281753006
US,United States,1973,1425376000000.0,6.17776006377038,,211909000.0,,6726.358955966948,11.434982136016458
US,United States,1974,1545243000000.0,11.0548048048048,,213854000.0,,7225.691359525657,8.40950037042858
US,United States,1975,1684904000000.0,9.14314686496535,,215973000.0,,7801.456663564427,9.038125395164375
US,United States,1976,1873412000000.0,5.74481263549085,,218035000.0,,8592.253537276125,11.18805581801694
US,United States,1977,2081826000000.0,6.5016839947284,,220239000.0,,9452.57651914511,11.12483532719979
US,United States,1978,2351599000000.0,7.63096383885606,,222585000.0,,10564.94822202754,12.958479719246462
US,United States,1979,2627333000000.0,11.2544711292795,,225055000.0,,11674.181866654817,11.725383451855521
US,United States,1980,2857307000000.0,13.5492019749684,,227225000.0,,12574.791506216305,8.753134832927545
US,United States,1981,3207041000000.0,10.3347153402771,,229466000.0,,13976.105392520025,12.239986812757596
US,United States,1982,3343789000000.0,6.13142700027493,,231664000.0,,14433.787727052973,4.263992883159284
US,United States,1983,3634038000000.0,3.21243523316065,,233792000.0,,15543.893717492472,8.680242682776939
US,United States,1984,4037613000000.0,4.30053547523429,,235825000.0,,17121.22548499947,11.10541496814288
US,United States,1985,4338979000000.0,3.54564415209365,,237924000.0,,18236.8277265009,7.463964476040674
US,United States,1986,4579631000000.0,1.89804772234276,,240133000.0,,19071.227194929477,5.5462817404739795
US,United States,1987,4855215000000.0,3.6645632175169,,242289000.0,,20038.941099265754,6.017602728254734
US,United States,1988,5236438000000.0,4.07774110744413,,244499000.0,,21417.011930519144,7.851825305367521
US,United States,1989,5641580000000.0,4.82700303008944,,246819000.0,,22857.154433005562,7.73697692973736
US,United States,1990,5963144000000.0,5.39795643990325,,249623000.0,,23888.60000881329,5.699892583283406
US,United States,1991,6158129000000.0,4.23496396453849,,252981000.0,6.8,24342.25890481894,3.2698355095902354
US,United States,1992,6520327000000.0,3.02881967814969,,256514000.0,7.5,25418.990776331895,5.881624110180228
US,United States,1993,6858559000000.0,2.95165696638559,,259919000.0,6.9,26387.293733817074,5.187347198997849
US,United States,1994,7287236000000.0,2.60744159215453,,263126000.0,6.119,27694.853416234047,6.250248776747425
US,United States,1995,7639749000000.0,2.80541968853662,,266278000.0,5.65,28690.875701334695,4.8374033721427345
US,United States,1996,8073122000000.0,2.93120419993441,,269394000.0,5.451,29967.712718174866,5.672607830440501
US,United States,1997,8577552000000.0,2.33768993730735,,272657000.0,5.0,31459.129969155387,6.2482643022117035
US,United States,1998,9062817000000.0,1.55227909874364,,275854000.0,4.511,32853.6725949234,5.65738336532382
US,United States,1999,9631172000000.0,2.18802719697358,,279040000.0,4.219,34515.38130733945,6.271284083083661
US,United States,2000,10250952000000.0,3.37685727149929,,282162411.0,3.992,36329.97025957508,6.435146210658482
US,United States,2001,10581929000000.0,2.82617111885407,,284968955.0,4.731,37133.620397351704,3.2287440229941566
US,United States,2002,10929108000000.0,1.58603162650601,,287625193.0,5.783,37997.7424300242,3.2808668438429223
US,United States,2003,11456450000000.0,2.27009497336115,,290107933.0,5.989,39490.30239031761,4.8251147303146835
US,United States,2004,12217196000000.0,2.67723669309172,,292805298.0,5.529,41724.64119826138,6.640329246843479
US,United States,2005,13039197000000.0,3.3927468454955,,295516599.0,5.084,44123.39964700257,6.728229619955339
US,United States,2006,13815583000000.0,3.22594410070404,,298379912.0,4.623,46301.98764855189,5.954247029169046
US,United States,2007,14474228000000.0,2.85267248150138,,301231207.0,4.622,48050.22741219505,4.767406485850079
US,United States,2008,14769862000000.0,3.839100296651,,304093966.0,5.784,48570.05942696015,2.0424854437832485
US,United States,2009,14478067000000.0,-0.355546266299747,,306771529.0,9.254,47194.95008938721,-1.9756108757143398
US,United States,2010,15048971000000.0,1.6400434423899,,309378227.0,9.633,48642.6312088213,3.943233582217842
US,United States,2011,15599732000000.0,3.156841568622,,311839461.0,8.949,50024.8812320773,3.6597917558615745
US,United States,2012,16253970000000.0,2.06933726526067,,314339099.0,8.069,51708.39406140819,4.193905382477081
US,United States,2013,16880683000000.0,1.46483265562717,,316726282.0,7.375,53297.38629015953,3.8557533944014954
US,United States,2014,17608138000000.0,1.62222297740817,,319257560.0,6.168,55153.3940182967,4.309393168511022
US,United States,2015,18295019000000.0,0.118627135552451,,321815121.0,5.28,56849.46979231594,3.9009292180695043
US,United States,2016,18804913000000.0,1.26158320570536,,324353340.0,4.869,57976.62820429104,2.7870646103182573
US,United States,2017,19612102000000.0,2.13011000365961,,326608609.0,4.355,60047.71907283069,4.292436769050734
US,United States,2018,20656516000000.0,2.44258329692817,,328529577.0,3.896,62875.66613827284,5.325354722303599
US,United States,2019,21539982000000.0,1.81221007526021,,330226227.0,3.669,65227.95659110383,4.27693614934872
US,United States,2020,21375281000000.0,1.23358439630629,,331578104.0,8.055,64465.297141574825,-0.7646292369232199
US,United States,2021,23725645000000.0,4.69785886363742,,332100166.0,5.349,71441.23198059468,10.995710418964787
US,United States,2022,26054614000000.0,8.00279982052121,,333996304.0,3.65,78008.6895811877,9.816251570821354
US,United States,2023,27811517000000.0,4.11633838374488,,336755052.0,3.638,82586.78477078943,6.743154974393395
US,United States,2024,29298013000000.0,2.94952520485207,,340003797.0,4.022,86169.66415819174,5.344893628060632
US,United States,2025,30769700000000.0,,,341784857.0,4.198,90026.51630057443,5.023163174922485
